region,category,date,headline,content
US,Technology,2026-03-25,"Tech Giant Releases New AI Chip","The latest AI chip promises faster processing and better energy efficiency."
US,Sports,2026-03-20,"Basketball Finals Announced","The NBA finals are set to begin next week."
US,Health,2026-03-22,"New Health Guidelines Released","The CDC has issued new health guidelines for the flu season."
US,Environment,2026-03-18,"National Park Conservation","Efforts to conserve Yellowstone National Park are underway."
US,Politics,2026-03-21,"Presidential Debate Highlights","The recent debate focused on economic policies."
US,Entertainment,2026-03-23,"Hollywood Movie Breaks Records","A new blockbuster has set a record for opening weekend sales."
US,Economy,2026-03-19,"Stock Market Hits Record High","The stock market reached an all-time high today."
US,Culture,2026-03-24,"Music Festival Announced","The annual music festival will feature top artists."
US,Wildlife,2026-03-26,"Bald Eagle Population Rises","Conservation efforts have increased the bald eagle population."
US,Science,2026-03-17,"New Space Telescope Launched","NASA has launched a new telescope to study distant galaxies."
US,Discovery,2026-03-27,"Ancient Fossil Found","A 200-million-year-old fossil was discovered in Utah."
UK,Technology,2026-03-25,"Tech Startup Gains Funding","A UK-based startup has secured major funding for AI research."
UK,Sports,2026-03-20,"Football Championship Finals Announced","The finals will take place in London next month."
UK,Health,2026-03-22,"Healthcare Reforms Proposed","The government has proposed new reforms for the NHS."
UK,Environment,2026-03-18,"Wind Energy Projects Expand","New wind farms are being developed across the country."
UK,Politics,2026-03-21,"Parliament Passes New Bill","A new bill on education reform has been passed."
UK,Entertainment,2026-03-23,"Royal Wedding Announced","The royal family has announced an upcoming wedding."
UK,Economy,2026-03-19,"Economic Growth Slows","The UK economy grew at a slower pace last quarter."
UK,Culture,2026-03-24,"Art Exhibition Opens","A new art exhibition has opened at the National Gallery."
UK,Wildlife,2026-03-26,"Bird Migration Patterns Studied","Scientists are studying bird migration patterns in the UK."
UK,Science,2026-03-17,"New Research on Climate Change","Researchers have published new findings on climate change."
UK,Discovery,2026-03-27,"Roman Ruins Unearthed","Archaeologists have discovered Roman ruins in northern England."
India,Technology,2026-03-25,"Tech Hub Expands","India's tech hub in Bangalore is expanding rapidly."
India,Sports,2026-03-20,"Cricket World Cup Announced","The Cricket World Cup will be hosted in India next year."
India,Health,2026-03-22,"New Vaccine Approved","The government has approved a new vaccine for widespread use."
India,Environment,2026-03-18,"River Cleanup Project","A major river cleanup project has been launched."
India,Politics,2026-03-21,"Election Campaigns Begin","Political parties have started their campaigns for the upcoming elections."
India,Entertainment,2026-03-23,"Bollywood Movie Wins Award","A Bollywood film has won an international award."
India,Economy,2026-03-19,"Economic Growth Accelerates","India's economy grew by 7% last quarter."
India,Culture,2026-03-24,"Festival Celebrations Begin","The festival of Holi is being celebrated across the country."
India,Wildlife,2026-03-26,"Tiger Population Increases","Efforts to protect tigers have led to an increase in their population."
India,Science,2026-03-17,"ISRO Launches New Satellite","ISRO has launched a new satellite for communication purposes."
India,Discovery,2026-03-27,"Ancient Temple Discovered","An ancient temple has been discovered in southern India."
Australia,Sports,2026-03-20,"Cricket Series Announced","Australia will host a major cricket series next month."
Australia,Technology,2026-03-25,"Solar Energy Advances","New solar panels developed in Australia are more efficient."
Australia,Health,2026-03-22,"Healthcare Innovations","Australian researchers have developed a new cancer treatment."
Australia,Environment,2026-03-18,"Wildfire Prevention Measures","New measures are being implemented to prevent wildfires."
Australia,Politics,2026-03-21,"Prime Minister's Speech","The Prime Minister addressed the nation on economic reforms."
Australia,Entertainment,2026-03-23,"Film Festival Begins","The Sydney Film Festival has started with a grand opening."
Australia,Economy,2026-03-19,"Economic Growth Report","Australia's economy grew by 2.5% last quarter."
Australia,Culture,2026-03-24,"Indigenous Art Exhibition","An exhibition showcasing indigenous art has opened."
Australia,Wildlife,2026-03-26,"Koala Conservation Efforts","Efforts to protect koalas are showing positive results."
Australia,Science,2026-03-17,"New Marine Research","Scientists are studying marine ecosystems in the Great Barrier Reef."
Australia,Discovery,2026-03-27,"Fossil Discovery","A rare dinosaur fossil has been discovered in the outback."
Brazil,Sports,2026-03-20,"Football Tournament Announced","Brazil will host an international football tournament."
Brazil,Technology,2026-03-25,"Tech Startups Thrive","Brazilian tech startups are attracting global investors."
Brazil,Health,2026-03-22,"Healthcare Access Improved","New policies aim to improve healthcare access in rural areas."
Brazil,Environment,2026-03-18,"Amazon Rainforest Conservation","Efforts to conserve the Amazon rainforest are underway."
Brazil,Politics,2026-03-21,"New Policies Introduced","The government has introduced new policies for economic growth."
Brazil,Entertainment,2026-03-23,"Carnival Celebrations","The annual Carnival celebrations are in full swing."
Brazil,Economy,2026-03-19,"Economic Growth Forecast","Brazil's economy is expected to grow by 3.2% this year."
Brazil,Culture,2026-03-24,"Cultural Festival Announced","A festival celebrating Brazilian culture will be held next month."
Brazil,Wildlife,2026-03-26,"Jaguar Population Studied","Researchers are studying jaguar populations in the Amazon."
Brazil,Science,2026-03-17,"New Agricultural Research","Scientists are developing new techniques for sustainable farming."
Brazil,Discovery,2026-03-27,"Ancient Artifacts Found","Archaeologists have discovered ancient artifacts in the Amazon."
Japan,Sports,2026-03-20,"Olympic Preparations","Japan is preparing to host the next Olympic Games."
Japan,Technology,2026-03-25,"Robotics Innovations","Japanese companies are leading in robotics technology."
Japan,Health,2026-03-22,"Longevity Research","New research focuses on increasing life expectancy."
Japan,Environment,2026-03-18,"Earthquake Preparedness","New measures are being implemented for earthquake safety."
Japan,Politics,2026-03-21,"Parliamentary Elections","Elections for the Japanese parliament are scheduled next month."
Japan,Entertainment,2026-03-23,"Anime Expo Announced","The annual Anime Expo will feature top creators and studios."
Japan,Economy,2026-03-19,"Economic Recovery","Japan's economy is showing signs of recovery after a slowdown."
Japan,Culture,2026-03-24,"Cherry Blossom Festival","The Cherry Blossom Festival is attracting tourists from around the world."
Japan,Wildlife,2026-03-26,"Endangered Species Protected","Efforts to protect endangered species are gaining momentum."
Japan,Science,2026-03-17,"Space Exploration Advances","Japan has launched a new mission to study the moon."
Japan,Discovery,2026-03-27,"Ancient Scrolls Discovered","Ancient scrolls have been discovered in a temple in Kyoto."
